{"created_at":"2020-02-09T09:36:37.606Z","updated_at":"2020-02-20T13:04:13.381Z","title":"Express blog","uid":"express_blog","_version":3,"inbuilt_class":false,"schema":[{"display_name":"Title","uid":"title","data_type":"text","mandatory":true,"unique":true,"field_metadata":{"_default":true,"version":3},"multiple":false,"non_localizable":false},{"display_name":"URL","uid":"url","data_type":"text","mandatory":false,"field_metadata":{"_default":true,"version":3},"multiple":false,"unique":false,"non_localizable":false},{"data_type":"text","display_name":"blog_heading","uid":"blog_heading","field_metadata":{"description":"","default_value":"","version":3},"format":"","error_messages":{"format":""},"multiple":false,"mandatory":false,"unique":false,"non_localizable":false},{"data_type":"text","display_name":"blog_body","uid":"blog_body","field_metadata":{"description":"","default_value":"","multiline":true,"version":3},"format":"","error_messages":{"format":""},"multiple":false,"mandatory":false,"unique":false,"non_localizable":false},{"data_type":"file","display_name":"image","uid":"image","extensions":[],"field_metadata":{"description":"","rich_text_type":"standard"},"multiple":false,"mandatory":false,"unique":false,"non_localizable":false},{"data_type":"text","display_name":"Multi line textbox","uid":"multi_line","field_metadata":{"description":"","default_value":"","multiline":true,"version":3},"format":"","error_messages":{"format":""},"multiple":false,"mandatory":false,"unique":false,"non_localizable":false}],"last_activity":{"environments":[{"uid":"bltc3cbe21d010b825e","details":[{"locale":"en-us","time":"2020-02-24T06:39:37.000Z"}]}]},"maintain_revisions":true,"description":"Express blog for sitemap and rss","DEFAULT_ACL":[{"k":"others","v":{"read":false,"create":false}},{"k":"users.blt8689ebb6d4501435","v":{"read":true,"sub_acl":{"read":true}}}],"SYS_ACL":{"roles":[]},"options":{"is_page":true,"singleton":false,"title":"title","sub_title":[],"url_pattern":"/:title","url_prefix":"/"},"abilities":{"get_one_object":true,"get_all_objects":true,"create_object":true,"update_object":true,"delete_object":true,"delete_all_objects":true}}