{"created_at":"2020-02-11T08:30:28.676Z","updated_at":"2020-02-27T06:05:46.955Z","title":"untracked urls","uid":"untracked_urls","_version":3,"inbuilt_class":false,"schema":[{"display_name":"Title","uid":"title","data_type":"text","mandatory":true,"unique":true,"field_metadata":{"_default":true,"version":3},"multiple":false,"non_localizable":false},{"display_name":"URL","uid":"url","data_type":"text","mandatory":true,"field_metadata":{"_default":true,"version":3},"multiple":false,"unique":false,"non_localizable":false},{"data_type":"text","display_name":"heading","uid":"heading","field_metadata":{"description":"","default_value":"","version":3},"format":"","error_messages":{"format":""},"multiple":false,"mandatory":false,"unique":false,"non_localizable":false},{"data_type":"link","display_name":"urls","uid":"urls","field_metadata":{"description":"","default_value":{"title":"","url":""}},"multiple":true,"mandatory":true,"unique":false,"non_localizable":false}],"last_activity":{"environments":[{"uid":"bltc3cbe21d010b825e","details":[{"locale":"en-us","time":"2020-02-14T06:26:21.678Z"}]}]},"maintain_revisions":true,"description":"","DEFAULT_ACL":[{"k":"others","v":{"read":false,"create":false}},{"k":"users.blt8689ebb6d4501435","v":{"read":true,"sub_acl":{"read":true}}}],"SYS_ACL":{"roles":[]},"options":{"is_page":true,"singleton":true,"title":"title","sub_title":[]},"abilities":{"get_one_object":true,"get_all_objects":true,"create_object":true,"update_object":true,"delete_object":true,"delete_all_objects":true}}